Sample_ID,SampleID,slide name,scan name,panel,segment,area,nuclei,FileVersion,SoftwareVersion,Date,Plate_ID,Well,SeqSetId,Raw,Trimmed,Stitched,Aligned,umiQ30,rtsQ30,DeduplicatedReads,roi,aoi
DSP-1001660022652-Z-A04,DSP-1001660022652-Z-A04,122823_Human glioma_IPA,122823_Human glioma_IPA,"(v1.0) Human Procode NGS Core Protein, (v1.0) Human Procode NGS IPA Protein, (v1.0) Human NGS Whole Transcriptome Atlas RNA, (v1.2) BiS_pilot_1_RnD",Full ROI,70599.79,133,0.2,3.1.1.6,1/29/24,1.00E+12,A04,A00728:1032:HNTG7DMXY,10588247,10571480,10510354,9824860,0.9927,0.9932,1536887,3,Full ROI-aoi-001
DSP-1001660022652-Z-A05,DSP-1001660022652-Z-A05,122823_Human glioma_IPA,122823_Human glioma_IPA,"(v1.0) Human Procode NGS Core Protein, (v1.0) Human Procode NGS IPA Protein, (v1.0) Human NGS Whole Transcriptome Atlas RNA, (v1.2) BiS_pilot_1_RnD",Full ROI,70599.79,159,0.2,3.1.1.6,1/29/24,1.00E+12,A05,A00728:1032:HNTG7DMXY,15681950,15664734,15569662,14617462,0.9941,0.9942,1781849,4,Full ROI-aoi-001
DSP-1001660022652-Z-A06,DSP-1001660022652-Z-A06,122823_Human glioma_IPA,122823_Human glioma_IPA,"(v1.0) Human Procode NGS Core Protein, (v1.0) Human Procode NGS IPA Protein, (v1.0) Human NGS Whole Transcriptome Atlas RNA, (v1.2) BiS_pilot_1_RnD",Full ROI,70599.79,103,0.2,3.1.1.6,1/29/24,1.00E+12,A06,A00728:1032:HNTG7DMXY,11719842,11708992,11634324,10938792,0.9941,0.9936,1184099,5,Full ROI-aoi-001
DSP-1001660022652-Z-A07,DSP-1001660022652-Z-A07,122823_Human glioma_IPA,122823_Human glioma_IPA,"(v1.0) Human Procode NGS Core Protein, (v1.0) Human Procode NGS IPA Protein, (v1.0) Human NGS Whole Transcriptome Atlas RNA, (v1.2) BiS_pilot_1_RnD",Full ROI,70599.79,290,0.2,3.1.1.6,1/29/24,1.00E+12,A07,A00728:1032:HNTG7DMXY,15329872,15313586,15215819,14398925,0.9939,0.9935,1441538,6,Full ROI-aoi-001
DSP-1001660022652-Z-A08,DSP-1001660022652-Z-A08,122823_Human glioma_IPA,122823_Human glioma_IPA,"(v1.0) Human Procode NGS Core Protein, (v1.0) Human Procode NGS IPA Protein, (v1.0) Human NGS Whole Transcriptome Atlas RNA, (v1.2) BiS_pilot_1_RnD",Full ROI,70599.79,345,0.2,3.1.1.6,1/29/24,1.00E+12,A08,A00728:1032:HNTG7DMXY,19681581,19659361,19535226,18462454,0.9941,0.9936,2066210,7,Full ROI-aoi-001
DSP-1001660022652-Z-A09,DSP-1001660022652-Z-A09,122823_Human glioma_IPA,122823_Human glioma_IPA,"(v1.0) Human Procode NGS Core Protein, (v1.0) Human Procode NGS IPA Protein, (v1.0) Human NGS Whole Transcriptome Atlas RNA, (v1.2) BiS_pilot_1_RnD",Full ROI,70599.79,119,0.2,3.1.1.6,1/29/24,1.00E+12,A09,A00728:1032:HNTG7DMXY,15240883,15224788,15107969,14263322,0.9941,0.9939,1729688,8,Full ROI-aoi-001
DSP-1001660022652-Z-A10,DSP-1001660022652-Z-A10,122823_Human glioma_IPA,122823_Human glioma_IPA,"(v1.0) Human Procode NGS Core Protein, (v1.0) Human Procode NGS IPA Protein, (v1.0) Human NGS Whole Transcriptome Atlas RNA, (v1.2) BiS_pilot_1_RnD",Full ROI,70599.79,210,0.2,3.1.1.6,1/29/24,1.00E+12,A10,A00728:1032:HNTG7DMXY,27169664,27140880,26989377,25367903,0.9938,0.9933,3076779,9,Full ROI-aoi-001
DSP-1001660022652-Z-A11,DSP-1001660022652-Z-A11,122823_Human glioma_IPA,122823_Human glioma_IPA,"(v1.0) Human Procode NGS Core Protein, (v1.0) Human Procode NGS IPA Protein, (v1.0) Human NGS Whole Transcriptome Atlas RNA, (v1.2) BiS_pilot_1_RnD",Full ROI,70599.79,189,0.2,3.1.1.6,1/29/24,1.00E+12,A11,A00728:1032:HNTG7DMXY,23179639,23154094,23004702,21632827,0.9937,0.9937,2739616,10,Full ROI-aoi-001
DSP-1001660022652-Z-A12,DSP-1001660022652-Z-A12,122823_Human glioma_IPA,122823_Human glioma_IPA,"(v1.0) Human Procode NGS Core Protein, (v1.0) Human Procode NGS IPA Protein, (v1.0) Human NGS Whole Transcriptome Atlas RNA, (v1.2) BiS_pilot_1_RnD",Full ROI,70599.79,217,0.2,3.1.1.6,1/29/24,1.00E+12,A12,A00728:1032:HNTG7DMXY,23595062,23571200,23426687,22085561,0.9942,0.9936,2682744,11,Full ROI-aoi-001
DSP-1001660022652-Z-B01,DSP-1001660022652-Z-B01,122823_Human glioma_IPA,122823_Human glioma_IPA,"(v1.0) Human Procode NGS Core Protein, (v1.0) Human Procode NGS IPA Protein, (v1.0) Human NGS Whole Transcriptome Atlas RNA, (v1.2) BiS_pilot_1_RnD",Full ROI,70599.79,208,0.2,3.1.1.6,1/29/24,1.00E+12,B01,A00728:1032:HNTG7DMXY,23956486,23927470,23789065,22354094,0.9943,0.9936,2680400,12,Full ROI-aoi-001
DSP-1001660022652-Z-B02,DSP-1001660022652-Z-B02,122823_Human glioma_IPA,122823_Human glioma_IPA,"(v1.0) Human Procode NGS Core Protein, (v1.0) Human Procode NGS IPA Protein, (v1.0) Human NGS Whole Transcriptome Atlas RNA, (v1.2) BiS_pilot_1_RnD",Full ROI,70599.79,205,0.2,3.1.1.6,1/29/24,1.00E+12,B02,A00728:1032:HNTG7DMXY,22933485,22902486,22765658,21452919,0.9938,0.9935,3031462,13,Full ROI-aoi-001
DSP-1001660022652-Z-B03,DSP-1001660022652-Z-B03,122823_Human glioma_IPA,122823_Human glioma_IPA,"(v1.0) Human Procode NGS Core Protein, (v1.0) Human Procode NGS IPA Protein, (v1.0) Human NGS Whole Transcriptome Atlas RNA, (v1.2) BiS_pilot_1_RnD",Full ROI,70599.79,167,0.2,3.1.1.6,1/29/24,1.00E+12,B03,A00728:1032:HNTG7DMXY,12578974,12557430,12489214,11761045,0.993,0.9931,2071491,14,Full ROI-aoi-001
DSP-1001660022652-Z-B04,DSP-1001660022652-Z-B04,122823_Human glioma_IPA,122823_Human glioma_IPA,"(v1.0) Human Procode NGS Core Protein, (v1.0) Human Procode NGS IPA Protein, (v1.0) Human NGS Whole Transcriptome Atlas RNA, (v1.2) BiS_pilot_1_RnD",Full ROI,70599.79,351,0.2,3.1.1.6,1/29/24,1.00E+12,B04,A00728:1032:HNTG7DMXY,14425858,14406418,14314367,13544425,0.9943,0.9931,1880029,15,Full ROI-aoi-001
DSP-1001660022652-Z-B05,DSP-1001660022652-Z-B05,122823_Human glioma_IPA,122823_Human glioma_IPA,"(v1.0) Human Procode NGS Core Protein, (v1.0) Human Procode NGS IPA Protein, (v1.0) Human NGS Whole Transcriptome Atlas RNA, (v1.2) BiS_pilot_1_RnD",Full ROI,70599.79,248,0.2,3.1.1.6,1/29/24,1.00E+12,B05,A00728:1032:HNTG7DMXY,23998165,23973219,23828953,22529670,0.9941,0.9935,2429874,16,Full ROI-aoi-001
DSP-1001660022652-Z-B06,DSP-1001660022652-Z-B06,122823_Human glioma_IPA,122823_Human glioma_IPA,"(v1.0) Human Procode NGS Core Protein, (v1.0) Human Procode NGS IPA Protein, (v1.0) Human NGS Whole Transcriptome Atlas RNA, (v1.2) BiS_pilot_1_RnD",Full ROI,70599.79,210,0.2,3.1.1.6,1/29/24,1.00E+12,B06,A00728:1032:HNTG7DMXY,3168288,3158257,3136376,2971426,0.9941,0.9937,433067,17,Full ROI-aoi-001
DSP-1001660022652-Z-B07,DSP-1001660022652-Z-B07,122823_Human glioma_IPA,122823_Human glioma_IPA,"(v1.0) Human Procode NGS Core Protein, (v1.0) Human Procode NGS IPA Protein, (v1.0) Human NGS Whole Transcriptome Atlas RNA, (v1.2) BiS_pilot_1_RnD",Full ROI,70599.79,328,0.2,3.1.1.6,1/29/24,1.00E+12,B07,A00728:1032:HNTG7DMXY,37089664,37059401,36829359,34810594,0.9939,0.9933,3813536,18,Full ROI-aoi-001
DSP-1001660022652-Z-B08,DSP-1001660022652-Z-B08,122823_Human glioma_IPA,122823_Human glioma_IPA,"(v1.0) Human Procode NGS Core Protein, (v1.0) Human Procode NGS IPA Protein, (v1.0) Human NGS Whole Transcriptome Atlas RNA, (v1.2) BiS_pilot_1_RnD",Full ROI,70599.79,286,0.2,3.1.1.6,1/29/24,1.00E+12,B08,A00728:1032:HNTG7DMXY,21696776,21663628,21530053,20269272,0.9938,0.9936,2650782,19,Full ROI-aoi-001
DSP-1001660022652-Z-B09,DSP-1001660022652-Z-B09,122823_Human glioma_IPA,122823_Human glioma_IPA,"(v1.0) Human Procode NGS Core Protein, (v1.0) Human Procode NGS IPA Protein, (v1.0) Human NGS Whole Transcriptome Atlas RNA, (v1.2) BiS_pilot_1_RnD",Full ROI,70599.79,309,0.2,3.1.1.6,1/29/24,1.00E+12,B09,A00728:1032:HNTG7DMXY,30485974,30455949,30256512,28619589,0.9942,0.9937,3128207,20,Full ROI-aoi-001
DSP-1001660022652-Z-B10,DSP-1001660022652-Z-B10,122823_Human glioma_IPA,122823_Human glioma_IPA,"(v1.0) Human Procode NGS Core Protein, (v1.0) Human Procode NGS IPA Protein, (v1.0) Human NGS Whole Transcriptome Atlas RNA, (v1.2) BiS_pilot_1_RnD",Full ROI,70599.79,458,0.2,3.1.1.6,1/29/24,1.00E+12,B10,A00728:1032:HNTG7DMXY,39025599,38990560,38739479,36678829,0.9942,0.9939,3698624,21,Full ROI-aoi-001
DSP-1001660022652-Z-B12,DSP-1001660022652-Z-B12,122823_Human glioma_IPA,122823_Human glioma_IPA,"(v1.0) Human Procode NGS Core Protein, (v1.0) Human Procode NGS IPA Protein, (v1.0) Human NGS Whole Transcriptome Atlas RNA, (v1.2) BiS_pilot_1_RnD",Full ROI,70599.79,178,0.2,3.1.1.6,1/29/24,1.00E+12,B12,A00728:1032:HNTG7DMXY,11324734,11308131,11231918,10618420,0.9937,0.993,1538429,23,Full ROI-aoi-001
DSP-1001660022652-Z-C01,DSP-1001660022652-Z-C01,122823_Human glioma_IPA,122823_Human glioma_IPA,"(v1.0) Human Procode NGS Core Protein, (v1.0) Human Procode NGS IPA Protein, (v1.0) Human NGS Whole Transcriptome Atlas RNA, (v1.2) BiS_pilot_1_RnD",Full ROI,70599.79,102,0.2,3.1.1.6,1/29/24,1.00E+12,C01,A00728:1032:HNTG7DMXY,14894530,14868126,14766890,13774611,0.9939,0.9932,2243549,24,Full ROI-aoi-001
DSP-1001660022652-Z-C02,DSP-1001660022652-Z-C02,122823_Human glioma_IPA,122823_Human glioma_IPA,"(v1.0) Human Procode NGS Core Protein, (v1.0) Human Procode NGS IPA Protein, (v1.0) Human NGS Whole Transcriptome Atlas RNA, (v1.2) BiS_pilot_1_RnD",Full ROI,70599.79,114,0.2,3.1.1.6,1/29/24,1.00E+12,C02,A00728:1032:HNTG7DMXY,13602862,13582361,13499959,12612063,0.9939,0.9933,2284372,25,Full ROI-aoi-001
DSP-1001660022652-Z-C03,DSP-1001660022652-Z-C03,122823_Human glioma_IPA,122823_Human glioma_IPA,"(v1.0) Human Procode NGS Core Protein, (v1.0) Human Procode NGS IPA Protein, (v1.0) Human NGS Whole Transcriptome Atlas RNA, (v1.2) BiS_pilot_1_RnD",Full ROI,70599.79,123,0.2,3.1.1.6,1/29/24,1.00E+12,C03,A00728:1032:HNTG7DMXY,13668901,13652204,13577608,12721963,0.994,0.9935,2111535,26,Full ROI-aoi-001
DSP-1001660022652-Z-C04,DSP-1001660022652-Z-C04,122823_Human glioma_IPA,122823_Human glioma_IPA,"(v1.0) Human Procode NGS Core Protein, (v1.0) Human Procode NGS IPA Protein, (v1.0) Human NGS Whole Transcriptome Atlas RNA, (v1.2) BiS_pilot_1_RnD",Full ROI,70599.79,287,0.2,3.1.1.6,1/29/24,1.00E+12,C04,A00728:1032:HNTG7DMXY,41637194,41594096,41347539,38986127,0.9941,0.9936,4776015,27,Full ROI-aoi-001
DSP-1001660022652-Z-C05,DSP-1001660022652-Z-C05,122823_Human glioma_IPA,122823_Human glioma_IPA,"(v1.0) Human Procode NGS Core Protein, (v1.0) Human Procode NGS IPA Protein, (v1.0) Human NGS Whole Transcriptome Atlas RNA, (v1.2) BiS_pilot_1_RnD",Full ROI,70599.79,238,0.2,3.1.1.6,1/29/24,1.00E+12,C05,A00728:1032:HNTG7DMXY,40865920,40817723,40560584,38119511,0.9941,0.9937,5219940,28,Full ROI-aoi-001
DSP-1001660022652-Z-C06,DSP-1001660022652-Z-C06,122823_Human glioma_IPA,122823_Human glioma_IPA,"(v1.0) Human Procode NGS Core Protein, (v1.0) Human Procode NGS IPA Protein, (v1.0) Human NGS Whole Transcriptome Atlas RNA, (v1.2) BiS_pilot_1_RnD",Full ROI,70599.79,203,0.2,3.1.1.6,1/29/24,1.00E+12,C06,A00728:1032:HNTG7DMXY,30553970,30523975,30355560,28672799,0.994,0.9938,3859546,29,Full ROI-aoi-001
DSP-1001660022652-Z-C07,DSP-1001660022652-Z-C07,122823_Human glioma_IPA,122823_Human glioma_IPA,"(v1.0) Human Procode NGS Core Protein, (v1.0) Human Procode NGS IPA Protein, (v1.0) Human NGS Whole Transcriptome Atlas RNA, (v1.2) BiS_pilot_1_RnD",Full ROI,70599.79,112,0.2,3.1.1.6,1/29/24,1.00E+12,C07,A00728:1032:HNTG7DMXY,19078122,19052286,18937537,17861957,0.9937,0.9934,2610039,30,Full ROI-aoi-001
DSP-1001660022652-Z-C08,DSP-1001660022652-Z-C08,122823_Human glioma_IPA,122823_Human glioma_IPA,"(v1.0) Human Procode NGS Core Protein, (v1.0) Human Procode NGS IPA Protein, (v1.0) Human NGS Whole Transcriptome Atlas RNA, (v1.2) BiS_pilot_1_RnD",Full ROI,70599.79,135,0.2,3.1.1.6,1/29/24,1.00E+12,C08,A00728:1032:HNTG7DMXY,8534949,8521943,8470007,8004927,0.9937,0.9932,1298134,31,Full ROI-aoi-001
DSP-1001660022652-Z-C09,DSP-1001660022652-Z-C09,122823_Human glioma_IPA,122823_Human glioma_IPA,"(v1.0) Human Procode NGS Core Protein, (v1.0) Human Procode NGS IPA Protein, (v1.0) Human NGS Whole Transcriptome Atlas RNA, (v1.2) BiS_pilot_1_RnD",Full ROI,70599.79,97,0.2,3.1.1.6,1/29/24,1.00E+12,C09,A00728:1032:HNTG7DMXY,10927618,10906032,10823301,10176445,0.9939,0.9932,1726350,32,Full ROI-aoi-001
DSP-1001660022652-Z-C10,DSP-1001660022652-Z-C10,122823_Human glioma_IPA,122823_Human glioma_IPA,"(v1.0) Human Procode NGS Core Protein, (v1.0) Human Procode NGS IPA Protein, (v1.0) Human NGS Whole Transcriptome Atlas RNA, (v1.2) BiS_pilot_1_RnD",Full ROI,70599.79,122,0.2,3.1.1.6,1/29/24,1.00E+12,C10,A00728:1032:HNTG7DMXY,11281221,11265497,11196844,10496619,0.9939,0.9936,1654456,33,Full ROI-aoi-001
DSP-1001660022652-Z-C11,DSP-1001660022652-Z-C11,122823_Human glioma_IPA,122823_Human glioma_IPA,"(v1.0) Human Procode NGS Core Protein, (v1.0) Human Procode NGS IPA Protein, (v1.0) Human NGS Whole Transcriptome Atlas RNA, (v1.2) BiS_pilot_1_RnD",Full ROI,70599.79,200,0.2,3.1.1.6,1/29/24,1.00E+12,C11,A00728:1032:HNTG7DMXY,16163731,16144433,16044734,15131530,0.9942,0.9932,2359103,34,Full ROI-aoi-001
DSP-1001660022652-Z-C12,DSP-1001660022652-Z-C12,122823_Human glioma_IPA,122823_Human glioma_IPA,"(v1.0) Human Procode NGS Core Protein, (v1.0) Human Procode NGS IPA Protein, (v1.0) Human NGS Whole Transcriptome Atlas RNA, (v1.2) BiS_pilot_1_RnD",Full ROI,70599.79,212,0.2,3.1.1.6,1/29/24,1.00E+12,C12,A00728:1032:HNTG7DMXY,19178054,19155820,19050430,17930687,0.993,0.9926,2270707,35,Full ROI-aoi-001
DSP-1001660022652-Z-D01,DSP-1001660022652-Z-D01,122823_Human glioma_IPA,122823_Human glioma_IPA,"(v1.0) Human Procode NGS Core Protein, (v1.0) Human Procode NGS IPA Protein, (v1.0) Human NGS Whole Transcriptome Atlas RNA, (v1.2) BiS_pilot_1_RnD",Full ROI,70599.79,361,0.2,3.1.1.6,1/29/24,1.00E+12,D01,A00728:1032:HNTG7DMXY,21937967,21916926,21779830,20623294,0.9938,0.9936,2410711,36,Full ROI-aoi-001
DSP-1001660022652-Z-D02,DSP-1001660022652-Z-D02,122823_Human glioma_IPA,122823_Human glioma_IPA,"(v1.0) Human Procode NGS Core Protein, (v1.0) Human Procode NGS IPA Protein, (v1.0) Human NGS Whole Transcriptome Atlas RNA, (v1.2) BiS_pilot_1_RnD",Full ROI,70599.79,368,0.2,3.1.1.6,1/29/24,1.00E+12,D02,A00728:1032:HNTG7DMXY,34182768,34141985,33940212,32046741,0.9942,0.9936,4154820,37,Full ROI-aoi-001
DSP-1001660022652-Z-D03,DSP-1001660022652-Z-D03,122823_Human glioma_IPA,122823_Human glioma_IPA,"(v1.0) Human Procode NGS Core Protein, (v1.0) Human Procode NGS IPA Protein, (v1.0) Human NGS Whole Transcriptome Atlas RNA, (v1.2) BiS_pilot_1_RnD",Full ROI,70599.79,396,0.2,3.1.1.6,1/29/24,1.00E+12,D03,A00728:1032:HNTG7DMXY,30777413,30739330,30553977,28796355,0.9939,0.9934,3723720,38,Full ROI-aoi-001
DSP-1001660022652-Z-D04,DSP-1001660022652-Z-D04,122823_Human glioma_IPA,122823_Human glioma_IPA,"(v1.0) Human Procode NGS Core Protein, (v1.0) Human Procode NGS IPA Protein, (v1.0) Human NGS Whole Transcriptome Atlas RNA, (v1.2) BiS_pilot_1_RnD",Full ROI,70599.79,327,0.2,3.1.1.6,1/29/24,1.00E+12,D04,A00728:1032:HNTG7DMXY,24103188,24066408,23886564,22585697,0.994,0.993,3256736,39,Full ROI-aoi-001
DSP-1001660022652-Z-D05,DSP-1001660022652-Z-D05,122823_Human glioma_IPA,122823_Human glioma_IPA,"(v1.0) Human Procode NGS Core Protein, (v1.0) Human Procode NGS IPA Protein, (v1.0) Human NGS Whole Transcriptome Atlas RNA, (v1.2) BiS_pilot_1_RnD",Full ROI,70599.79,252,0.2,3.1.1.6,1/29/24,1.00E+12,D05,A00728:1032:HNTG7DMXY,22528388,22498475,22372729,20978149,0.9938,0.9937,2814379,40,Full ROI-aoi-001
DSP-1001660022652-Z-D06,DSP-1001660022652-Z-D06,122823_Human glioma_IPA,122823_Human glioma_IPA,"(v1.0) Human Procode NGS Core Protein, (v1.0) Human Procode NGS IPA Protein, (v1.0) Human NGS Whole Transcriptome Atlas RNA, (v1.2) BiS_pilot_1_RnD",Full ROI,70599.79,136,0.2,3.1.1.6,1/29/24,1.00E+12,D06,A00728:1032:HNTG7DMXY,12138411,12110586,12042070,11222221,0.9932,0.9933,2081982,41,Full ROI-aoi-001
DSP-1001660022652-Z-D07,DSP-1001660022652-Z-D07,122823_Human glioma_IPA,122823_Human glioma_IPA,"(v1.0) Human Procode NGS Core Protein, (v1.0) Human Procode NGS IPA Protein, (v1.0) Human NGS Whole Transcriptome Atlas RNA, (v1.2) BiS_pilot_1_RnD",Full ROI,70599.79,181,0.2,3.1.1.6,1/29/24,1.00E+12,D07,A00728:1032:HNTG7DMXY,14888275,14858641,14741889,13830702,0.9936,0.9928,2081800,42,Full ROI-aoi-001
DSP-1001660022652-Z-D08,DSP-1001660022652-Z-D08,122823_Human glioma_IPA,122823_Human glioma_IPA,"(v1.0) Human Procode NGS Core Protein, (v1.0) Human Procode NGS IPA Protein, (v1.0) Human NGS Whole Transcriptome Atlas RNA, (v1.2) BiS_pilot_1_RnD",Full ROI,70599.79,234,0.2,3.1.1.6,1/29/24,1.00E+12,D08,A00728:1032:HNTG7DMXY,16451797,16432534,16329791,15314953,0.994,0.9937,1763660,43,Full ROI-aoi-001
DSP-1001660022652-Z-D09,DSP-1001660022652-Z-D09,122823_Human glioma_IPA,122823_Human glioma_IPA,"(v1.0) Human Procode NGS Core Protein, (v1.0) Human Procode NGS IPA Protein, (v1.0) Human NGS Whole Transcriptome Atlas RNA, (v1.2) BiS_pilot_1_RnD",Full ROI,70599.79,304,0.2,3.1.1.6,1/29/24,1.00E+12,D09,A00728:1032:HNTG7DMXY,19558932,19537753,19416405,18284758,0.9938,0.9933,2197140,44,Full ROI-aoi-001
DSP-1001660022652-Z-D10,DSP-1001660022652-Z-D10,122823_Human glioma_IPA,122823_Human glioma_IPA,"(v1.0) Human Procode NGS Core Protein, (v1.0) Human Procode NGS IPA Protein, (v1.0) Human NGS Whole Transcriptome Atlas RNA, (v1.2) BiS_pilot_1_RnD",Full ROI,70599.79,139,0.2,3.1.1.6,1/29/24,1.00E+12,D10,A00728:1032:HNTG7DMXY,18921176,18897202,18783275,17469925,0.9941,0.9934,2505936,45,Full ROI-aoi-001
DSP-1001660022652-Z-D11,DSP-1001660022652-Z-D11,122823_Human glioma_IPA,122823_Human glioma_IPA,"(v1.0) Human Procode NGS Core Protein, (v1.0) Human Procode NGS IPA Protein, (v1.0) Human NGS Whole Transcriptome Atlas RNA, (v1.2) BiS_pilot_1_RnD",Full ROI,70599.79,510,0.2,3.1.1.6,1/29/24,1.00E+12,D11,A00728:1032:HNTG7DMXY,58042679,57999366,57647161,54741958,0.9942,0.9942,5564727,46,Full ROI-aoi-001
DSP-1001660022652-Z-D12,DSP-1001660022652-Z-D12,122823_Human glioma_IPA,122823_Human glioma_IPA,"(v1.0) Human Procode NGS Core Protein, (v1.0) Human Procode NGS IPA Protein, (v1.0) Human NGS Whole Transcriptome Atlas RNA, (v1.2) BiS_pilot_1_RnD",Full ROI,70599.79,496,0.2,3.1.1.6,1/29/24,1.00E+12,D12,A00728:1032:HNTG7DMXY,50647774,50606987,50269366,47661002,0.9939,0.9934,5129300,47,Full ROI-aoi-001
DSP-1001660022652-Z-E01,DSP-1001660022652-Z-E01,122823_Human glioma_IPA,122823_Human glioma_IPA,"(v1.0) Human Procode NGS Core Protein, (v1.0) Human Procode NGS IPA Protein, (v1.0) Human NGS Whole Transcriptome Atlas RNA, (v1.2) BiS_pilot_1_RnD",Full ROI,70599.79,396,0.2,3.1.1.6,1/29/24,1.00E+12,E01,A00728:1032:HNTG7DMXY,44021364,43974925,43714772,41312606,0.994,0.9935,4379202,48,Full ROI-aoi-001
DSP-1001660022652-Z-E02,DSP-1001660022652-Z-E02,122823_Human glioma_IPA,122823_Human glioma_IPA,"(v1.0) Human Procode NGS Core Protein, (v1.0) Human Procode NGS IPA Protein, (v1.0) Human NGS Whole Transcriptome Atlas RNA, (v1.2) BiS_pilot_1_RnD",Full ROI,70599.79,399,0.2,3.1.1.6,1/29/24,1.00E+12,E02,A00728:1032:HNTG7DMXY,34811197,34776302,34567517,32670320,0.9941,0.9938,3730521,49,Full ROI-aoi-001
DSP-1001660022652-Z-E03,DSP-1001660022652-Z-E03,122823_Human glioma_IPA,122823_Human glioma_IPA,"(v1.0) Human Procode NGS Core Protein, (v1.0) Human Procode NGS IPA Protein, (v1.0) Human NGS Whole Transcriptome Atlas RNA, (v1.2) BiS_pilot_1_RnD",Full ROI,70599.79,352,0.2,3.1.1.6,1/29/24,1.00E+12,E03,A00728:1032:HNTG7DMXY,29661112,29632383,29462507,27814145,0.9938,0.9938,3448996,50,Full ROI-aoi-001
DSP-1001660022652-Z-E04,DSP-1001660022652-Z-E04,122823_Human glioma_IPA,122823_Human glioma_IPA,"(v1.0) Human Procode NGS Core Protein, (v1.0) Human Procode NGS IPA Protein, (v1.0) Human NGS Whole Transcriptome Atlas RNA, (v1.2) BiS_pilot_1_RnD",Full ROI,70599.79,450,0.2,3.1.1.6,1/29/24,1.00E+12,E04,A00728:1032:HNTG7DMXY,39367644,39316250,39062034,36823023,0.9943,0.994,4659214,51,Full ROI-aoi-001
DSP-1001660022652-Z-E05,DSP-1001660022652-Z-E05,122823_Human glioma_IPA,122823_Human glioma_IPA,"(v1.0) Human Procode NGS Core Protein, (v1.0) Human Procode NGS IPA Protein, (v1.0) Human NGS Whole Transcriptome Atlas RNA, (v1.2) BiS_pilot_1_RnD",Full ROI,70599.79,118,0.2,3.1.1.6,1/29/24,1.00E+12,E05,A00728:1032:HNTG7DMXY,14564683,14546377,14463644,13402005,0.9938,0.9935,2427764,52,Full ROI-aoi-001
DSP-1001660022652-Z-E06,DSP-1001660022652-Z-E06,122823_Human glioma_IPA,122823_Human glioma_IPA,"(v1.0) Human Procode NGS Core Protein, (v1.0) Human Procode NGS IPA Protein, (v1.0) Human NGS Whole Transcriptome Atlas RNA, (v1.2) BiS_pilot_1_RnD",Full ROI,70599.79,246,0.2,3.1.1.6,1/29/24,1.00E+12,E06,A00728:1032:HNTG7DMXY,19046090,19013783,18888457,17696129,0.9943,0.993,2465460,53,Full ROI-aoi-001
DSP-1001660022652-Z-E07,DSP-1001660022652-Z-E07,122823_Human glioma_IPA,122823_Human glioma_IPA,"(v1.0) Human Procode NGS Core Protein, (v1.0) Human Procode NGS IPA Protein, (v1.0) Human NGS Whole Transcriptome Atlas RNA, (v1.2) BiS_pilot_1_RnD",Full ROI,70599.79,163,0.2,3.1.1.6,1/29/24,1.00E+12,E07,A00728:1032:HNTG7DMXY,10455142,10445470,10383075,9714701,0.9941,0.9938,1568356,54,Full ROI-aoi-001
DSP-1001660022652-Z-E08,DSP-1001660022652-Z-E08,122823_Human glioma_IPA,122823_Human glioma_IPA,"(v1.0) Human Procode NGS Core Protein, (v1.0) Human Procode NGS IPA Protein, (v1.0) Human NGS Whole Transcriptome Atlas RNA, (v1.2) BiS_pilot_1_RnD",Full ROI,70599.79,407,0.2,3.1.1.6,1/29/24,1.00E+12,E08,A00728:1032:HNTG7DMXY,46016624,45977164,45704749,43375364,0.9941,0.9937,4272726,55,Full ROI-aoi-001
DSP-1001660022652-Z-E09,DSP-1001660022652-Z-E09,122823_Human glioma_IPA,122823_Human glioma_IPA,"(v1.0) Human Procode NGS Core Protein, (v1.0) Human Procode NGS IPA Protein, (v1.0) Human NGS Whole Transcriptome Atlas RNA, (v1.2) BiS_pilot_1_RnD",Full ROI,70599.79,350,0.2,3.1.1.6,1/29/24,1.00E+12,E09,A00728:1032:HNTG7DMXY,24827898,24805237,24663597,23343737,0.9939,0.9936,3063667,56,Full ROI-aoi-001
DSP-1001660022652-Z-E10,DSP-1001660022652-Z-E10,122823_Human glioma_IPA,122823_Human glioma_IPA,"(v1.0) Human Procode NGS Core Protein, (v1.0) Human Procode NGS IPA Protein, (v1.0) Human NGS Whole Transcriptome Atlas RNA, (v1.2) BiS_pilot_1_RnD",Full ROI,70599.79,127,0.2,3.1.1.6,1/29/24,1.00E+12,E10,A00728:1032:HNTG7DMXY,10492617,10475397,10412929,9707247,0.9941,0.9936,1431036,57,Full ROI-aoi-001
DSP-1001660022652-Z-E11,DSP-1001660022652-Z-E11,122823_Human glioma_IPA,122823_Human glioma_IPA,"(v1.0) Human Procode NGS Core Protein, (v1.0) Human Procode NGS IPA Protein, (v1.0) Human NGS Whole Transcriptome Atlas RNA, (v1.2) BiS_pilot_1_RnD",Full ROI,70599.79,159,0.2,3.1.1.6,1/29/24,1.00E+12,E11,A00728:1032:HNTG7DMXY,15709988,15687417,15591912,14623966,0.9936,0.9929,1957028,58,Full ROI-aoi-001
DSP-1001660022652-Z-E12,DSP-1001660022652-Z-E12,122823_Human glioma_IPA,122823_Human glioma_IPA,"(v1.0) Human Procode NGS Core Protein, (v1.0) Human Procode NGS IPA Protein, (v1.0) Human NGS Whole Transcriptome Atlas RNA, (v1.2) BiS_pilot_1_RnD",Full ROI,70599.79,175,0.2,3.1.1.6,1/29/24,1.00E+12,E12,A00728:1032:HNTG7DMXY,16829999,16808059,16677761,15586385,0.994,0.9936,2391261,59,Full ROI-aoi-001
DSP-1001660022652-Z-F01,DSP-1001660022652-Z-F01,122823_Human glioma_IPA,122823_Human glioma_IPA,"(v1.0) Human Procode NGS Core Protein, (v1.0) Human Procode NGS IPA Protein, (v1.0) Human NGS Whole Transcriptome Atlas RNA, (v1.2) BiS_pilot_1_RnD",Full ROI,70599.79,135,0.2,3.1.1.6,1/29/24,1.00E+12,F01,A00728:1032:HNTG7DMXY,21309582,21286829,21156250,19928292,0.9944,0.9935,2341250,60,Full ROI-aoi-001
DSP-1001660022652-Z-F02,DSP-1001660022652-Z-F02,122823_Human glioma_IPA,122823_Human glioma_IPA,"(v1.0) Human Procode NGS Core Protein, (v1.0) Human Procode NGS IPA Protein, (v1.0) Human NGS Whole Transcriptome Atlas RNA, (v1.2) BiS_pilot_1_RnD",Full ROI,70599.79,108,0.2,3.1.1.6,1/29/24,1.00E+12,F02,A00728:1032:HNTG7DMXY,16220459,16198150,16103935,15090784,0.9941,0.9933,2190813,61,Full ROI-aoi-001
DSP-1001660022652-Z-F03,DSP-1001660022652-Z-F03,122823_Human glioma_IPA,122823_Human glioma_IPA,"(v1.0) Human Procode NGS Core Protein, (v1.0) Human Procode NGS IPA Protein, (v1.0) Human NGS Whole Transcriptome Atlas RNA, (v1.2) BiS_pilot_1_RnD",Full ROI,70599.79,168,0.2,3.1.1.6,1/29/24,1.00E+12,F03,A00728:1032:HNTG7DMXY,22067129,22042632,21913169,20553486,0.9939,0.9934,2586606,62,Full ROI-aoi-001
DSP-1001660022652-Z-F04,DSP-1001660022652-Z-F04,122823_Human glioma_IPA,122823_Human glioma_IPA,"(v1.0) Human Procode NGS Core Protein, (v1.0) Human Procode NGS IPA Protein, (v1.0) Human NGS Whole Transcriptome Atlas RNA, (v1.2) BiS_pilot_1_RnD",Full ROI,70599.79,146,0.2,3.1.1.6,1/29/24,1.00E+12,F04,A00728:1032:HNTG7DMXY,14002339,13979225,13876774,12951292,0.9933,0.9932,2432915,63,Full ROI-aoi-001
DSP-1001660022652-Z-F05,DSP-1001660022652-Z-F05,122823_Human glioma_IPA,122823_Human glioma_IPA,"(v1.0) Human Procode NGS Core Protein, (v1.0) Human Procode NGS IPA Protein, (v1.0) Human NGS Whole Transcriptome Atlas RNA, (v1.2) BiS_pilot_1_RnD",Full ROI,70599.79,225,0.2,3.1.1.6,1/29/24,1.00E+12,F05,A00728:1032:HNTG7DMXY,30778757,30735797,30557363,28495409,0.9939,0.9933,3818240,64,Full ROI-aoi-001
DSP-1001660022652-Z-F06,DSP-1001660022652-Z-F06,122823_Human glioma_IPA,122823_Human glioma_IPA,"(v1.0) Human Procode NGS Core Protein, (v1.0) Human Procode NGS IPA Protein, (v1.0) Human NGS Whole Transcriptome Atlas RNA, (v1.2) BiS_pilot_1_RnD",Full ROI,70599.79,221,0.2,3.1.1.6,1/29/24,1.00E+12,F06,A00728:1032:HNTG7DMXY,17411502,17389845,17299372,16136552,0.9941,0.994,2737577,65,Full ROI-aoi-001
DSP-1001660022652-Z-F07,DSP-1001660022652-Z-F07,122823_Human glioma_IPA,122823_Human glioma_IPA,"(v1.0) Human Procode NGS Core Protein, (v1.0) Human Procode NGS IPA Protein, (v1.0) Human NGS Whole Transcriptome Atlas RNA, (v1.2) BiS_pilot_1_RnD",Full ROI,70599.79,165,0.2,3.1.1.6,1/29/24,1.00E+12,F07,A00728:1032:HNTG7DMXY,15385774,15368802,15287041,14278753,0.9943,0.9938,2406835,66,Full ROI-aoi-001
DSP-1001660022652-Z-F08,DSP-1001660022652-Z-F08,122823_Human glioma_IPA,122823_Human glioma_IPA,"(v1.0) Human Procode NGS Core Protein, (v1.0) Human Procode NGS IPA Protein, (v1.0) Human NGS Whole Transcriptome Atlas RNA, (v1.2) BiS_pilot_1_RnD",Full ROI,70599.79,95,0.2,3.1.1.6,1/29/24,1.00E+12,F08,A00728:1032:HNTG7DMXY,18655065,18632777,18528560,17384927,0.9942,0.9935,2470341,67,Full ROI-aoi-001
DSP-1001660022652-Z-F09,DSP-1001660022652-Z-F09,122823_Human glioma_IPA,122823_Human glioma_IPA,"(v1.0) Human Procode NGS Core Protein, (v1.0) Human Procode NGS IPA Protein, (v1.0) Human NGS Whole Transcriptome Atlas RNA, (v1.2) BiS_pilot_1_RnD",Full ROI,70599.79,129,0.2,3.1.1.6,1/29/24,1.00E+12,F09,A00728:1032:HNTG7DMXY,16493500,16472675,16373488,15386736,0.9941,0.9939,2331470,68,Full ROI-aoi-001
DSP-1001660022652-Z-F10,DSP-1001660022652-Z-F10,122823_Human glioma_IPA,122823_Human glioma_IPA,"(v1.0) Human Procode NGS Core Protein, (v1.0) Human Procode NGS IPA Protein, (v1.0) Human NGS Whole Transcriptome Atlas RNA, (v1.2) BiS_pilot_1_RnD",Full ROI,70599.79,126,0.2,3.1.1.6,1/29/24,1.00E+12,F10,A00728:1032:HNTG7DMXY,13619408,13593554,13480048,12602781,0.9941,0.9936,2119083,69,Full ROI-aoi-001
DSP-1001660022652-Z-F11,DSP-1001660022652-Z-F11,122823_Human glioma_IPA,122823_Human glioma_IPA,"(v1.0) Human Procode NGS Core Protein, (v1.0) Human Procode NGS IPA Protein, (v1.0) Human NGS Whole Transcriptome Atlas RNA, (v1.2) BiS_pilot_1_RnD",Full ROI,70599.79,93,0.2,3.1.1.6,1/29/24,1.00E+12,F11,A00728:1032:HNTG7DMXY,17738453,17720889,17625280,16577928,0.9941,0.9936,2353556,70,Full ROI-aoi-001
DSP-1001660022652-Z-F12,DSP-1001660022652-Z-F12,122823_Human glioma_IPA,122823_Human glioma_IPA,"(v1.0) Human Procode NGS Core Protein, (v1.0) Human Procode NGS IPA Protein, (v1.0) Human NGS Whole Transcriptome Atlas RNA, (v1.2) BiS_pilot_1_RnD",Full ROI,70599.79,187,0.2,3.1.1.6,1/29/24,1.00E+12,F12,A00728:1032:HNTG7DMXY,10832356,10810932,10731430,9998815,0.9936,0.9932,1954922,71,Full ROI-aoi-001
DSP-1001660022652-Z-G01,DSP-1001660022652-Z-G01,122823_Human glioma_IPA,122823_Human glioma_IPA,"(v1.0) Human Procode NGS Core Protein, (v1.0) Human Procode NGS IPA Protein, (v1.0) Human NGS Whole Transcriptome Atlas RNA, (v1.2) BiS_pilot_1_RnD",Full ROI,70599.79,304,0.2,3.1.1.6,1/29/24,1.00E+12,G01,A00728:1032:HNTG7DMXY,39468817,39431447,39195338,37108419,0.994,0.9939,3706293,72,Full ROI-aoi-001
DSP-1001660022652-Z-G02,DSP-1001660022652-Z-G02,122823_Human glioma_IPA,122823_Human glioma_IPA,"(v1.0) Human Procode NGS Core Protein, (v1.0) Human Procode NGS IPA Protein, (v1.0) Human NGS Whole Transcriptome Atlas RNA, (v1.2) BiS_pilot_1_RnD",Full ROI,70599.79,251,0.2,3.1.1.6,1/29/24,1.00E+12,G02,A00728:1032:HNTG7DMXY,31390521,31361408,31188911,29359939,0.994,0.9939,3511000,73,Full ROI-aoi-001
DSP-1001660022652-Z-G03,DSP-1001660022652-Z-G03,122823_Human glioma_IPA,122823_Human glioma_IPA,"(v1.0) Human Procode NGS Core Protein, (v1.0) Human Procode NGS IPA Protein, (v1.0) Human NGS Whole Transcriptome Atlas RNA, (v1.2) BiS_pilot_1_RnD",Full ROI,70599.79,173,0.2,3.1.1.6,1/29/24,1.00E+12,G03,A00728:1032:HNTG7DMXY,19552561,19535476,19414992,18379447,0.9945,0.9939,1999970,74,Full ROI-aoi-001
DSP-1001660022652-Z-G04,DSP-1001660022652-Z-G04,122823_Human glioma_IPA,122823_Human glioma_IPA,"(v1.0) Human Procode NGS Core Protein, (v1.0) Human Procode NGS IPA Protein, (v1.0) Human NGS Whole Transcriptome Atlas RNA, (v1.2) BiS_pilot_1_RnD",Full ROI,70599.79,287,0.2,3.1.1.6,1/29/24,1.00E+12,G04,A00728:1032:HNTG7DMXY,26404799,26377601,26204523,24707860,0.9938,0.9937,2793182,75,Full ROI-aoi-001
DSP-1001660022652-Z-G05,DSP-1001660022652-Z-G05,122823_Human glioma_IPA,122823_Human glioma_IPA,"(v1.0) Human Procode NGS Core Protein, (v1.0) Human Procode NGS IPA Protein, (v1.0) Human NGS Whole Transcriptome Atlas RNA, (v1.2) BiS_pilot_1_RnD",Full ROI,70599.79,411,0.2,3.1.1.6,1/29/24,1.00E+12,G05,A00728:1032:HNTG7DMXY,39319421,39287573,39041645,37034610,0.9939,0.9935,3741793,76,Full ROI-aoi-001
DSP-1001660022652-Z-G06,DSP-1001660022652-Z-G06,122823_Human glioma_IPA,122823_Human glioma_IPA,"(v1.0) Human Procode NGS Core Protein, (v1.0) Human Procode NGS IPA Protein, (v1.0) Human NGS Whole Transcriptome Atlas RNA, (v1.2) BiS_pilot_1_RnD",Full ROI,70599.79,376,0.2,3.1.1.6,1/29/24,1.00E+12,G06,A00728:1032:HNTG7DMXY,42068214,42039555,41776135,39735610,0.9941,0.9939,3821213,77,Full ROI-aoi-001
DSP-1001660022652-Z-G07,DSP-1001660022652-Z-G07,122823_Human glioma_IPA,122823_Human glioma_IPA,"(v1.0) Human Procode NGS Core Protein, (v1.0) Human Procode NGS IPA Protein, (v1.0) Human NGS Whole Transcriptome Atlas RNA, (v1.2) BiS_pilot_1_RnD",Full ROI,70599.79,310,0.2,3.1.1.6,1/29/24,1.00E+12,G07,A00728:1032:HNTG7DMXY,23653881,23631306,23486679,22200678,0.9941,0.9937,2253642,78,Full ROI-aoi-001
DSP-1001660022652-Z-G08,DSP-1001660022652-Z-G08,122823_Human glioma_IPA,122823_Human glioma_IPA,"(v1.0) Human Procode NGS Core Protein, (v1.0) Human Procode NGS IPA Protein, (v1.0) Human NGS Whole Transcriptome Atlas RNA, (v1.2) BiS_pilot_1_RnD",Full ROI,70599.79,293,0.2,3.1.1.6,1/29/24,1.00E+12,G08,A00728:1032:HNTG7DMXY,21509742,21487962,21357939,20217457,0.994,0.9936,2377122,79,Full ROI-aoi-001
DSP-1001660022652-Z-G09,DSP-1001660022652-Z-G09,122823_Human glioma_IPA,122823_Human glioma_IPA,"(v1.0) Human Procode NGS Core Protein, (v1.0) Human Procode NGS IPA Protein, (v1.0) Human NGS Whole Transcriptome Atlas RNA, (v1.2) BiS_pilot_1_RnD",Full ROI,70599.79,245,0.2,3.1.1.6,1/29/24,1.00E+12,G09,A00728:1032:HNTG7DMXY,32944785,32907874,32717079,30581922,0.9942,0.9936,3814357,80,Full ROI-aoi-001
DSP-1001660022652-Z-G10,DSP-1001660022652-Z-G10,122823_Human glioma_IPA,122823_Human glioma_IPA,"(v1.0) Human Procode NGS Core Protein, (v1.0) Human Procode NGS IPA Protein, (v1.0) Human NGS Whole Transcriptome Atlas RNA, (v1.2) BiS_pilot_1_RnD",Full ROI,70599.79,238,0.2,3.1.1.6,1/29/24,1.00E+12,G10,A00728:1032:HNTG7DMXY,25394030,25362848,25210125,23741827,0.9941,0.9939,2817260,81,Full ROI-aoi-001
DSP-1001660022652-Z-G11,DSP-1001660022652-Z-G11,122823_Human glioma_IPA,122823_Human glioma_IPA,"(v1.0) Human Procode NGS Core Protein, (v1.0) Human Procode NGS IPA Protein, (v1.0) Human NGS Whole Transcriptome Atlas RNA, (v1.2) BiS_pilot_1_RnD",Full ROI,70599.79,312,0.2,3.1.1.6,1/29/24,1.00E+12,G11,A00728:1032:HNTG7DMXY,28136074,28104094,27941199,26305109,0.9943,0.9937,3434671,82,Full ROI-aoi-001
DSP-1001660022652-Z-G12,DSP-1001660022652-Z-G12,122823_Human glioma_IPA,122823_Human glioma_IPA,"(v1.0) Human Procode NGS Core Protein, (v1.0) Human Procode NGS IPA Protein, (v1.0) Human NGS Whole Transcriptome Atlas RNA, (v1.2) BiS_pilot_1_RnD",Full ROI,70599.79,113,0.2,3.1.1.6,1/29/24,1.00E+12,G12,A00728:1032:HNTG7DMXY,20615231,20590710,20460795,19358334,0.994,0.9934,2246348,83,Full ROI-aoi-001
DSP-1001660022652-Z-H01,DSP-1001660022652-Z-H01,122823_Human glioma_IPA,122823_Human glioma_IPA,"(v1.0) Human Procode NGS Core Protein, (v1.0) Human Procode NGS IPA Protein, (v1.0) Human NGS Whole Transcriptome Atlas RNA, (v1.2) BiS_pilot_1_RnD",Full ROI,70599.79,237,0.2,3.1.1.6,1/29/24,1.00E+12,H01,A00728:1032:HNTG7DMXY,22269502,22247858,22115969,20911183,0.9943,0.9938,2310877,84,Full ROI-aoi-001
DSP-1001660022652-Z-H02,DSP-1001660022652-Z-H02,122823_Human glioma_IPA,122823_Human glioma_IPA,"(v1.0) Human Procode NGS Core Protein, (v1.0) Human Procode NGS IPA Protein, (v1.0) Human NGS Whole Transcriptome Atlas RNA, (v1.2) BiS_pilot_1_RnD",Full ROI,70599.79,226,0.2,3.1.1.6,1/29/24,1.00E+12,H02,A00728:1032:HNTG7DMXY,21225589,21204419,21079148,19849402,0.9943,0.9935,2526185,85,Full ROI-aoi-001
DSP-1001660022652-Z-H03,DSP-1001660022652-Z-H03,122823_Human glioma_IPA,122823_Human glioma_IPA,"(v1.0) Human Procode NGS Core Protein, (v1.0) Human Procode NGS IPA Protein, (v1.0) Human NGS Whole Transcriptome Atlas RNA, (v1.2) BiS_pilot_1_RnD",Full ROI,70599.79,246,0.2,3.1.1.6,1/29/24,1.00E+12,H03,A00728:1032:HNTG7DMXY,16076621,16060911,15970834,15091534,0.994,0.9937,1684365,86,Full ROI-aoi-001
DSP-1001660022652-Z-H04,DSP-1001660022652-Z-H04,122823_Human glioma_IPA,122823_Human glioma_IPA,"(v1.0) Human Procode NGS Core Protein, (v1.0) Human Procode NGS IPA Protein, (v1.0) Human NGS Whole Transcriptome Atlas RNA, (v1.2) BiS_pilot_1_RnD",Full ROI,70599.79,279,0.2,3.1.1.6,1/29/24,1.00E+12,H04,A00728:1032:HNTG7DMXY,20714972,20688296,20580235,19385201,0.994,0.9935,2649992,87,Full ROI-aoi-001
DSP-1001660022652-Z-H05,DSP-1001660022652-Z-H05,122823_Human glioma_IPA,122823_Human glioma_IPA,"(v1.0) Human Procode NGS Core Protein, (v1.0) Human Procode NGS IPA Protein, (v1.0) Human NGS Whole Transcriptome Atlas RNA, (v1.2) BiS_pilot_1_RnD",Full ROI,70599.79,476,0.2,3.1.1.6,1/29/24,1.00E+12,H05,A00728:1032:HNTG7DMXY,41800650,41757279,41492541,39247587,0.9941,0.9938,4454763,88,Full ROI-aoi-001
DSP-1001660022652-Z-H06,DSP-1001660022652-Z-H06,122823_Human glioma_IPA,122823_Human glioma_IPA,"(v1.0) Human Procode NGS Core Protein, (v1.0) Human Procode NGS IPA Protein, (v1.0) Human NGS Whole Transcriptome Atlas RNA, (v1.2) BiS_pilot_1_RnD",Full ROI,70599.79,406,0.2,3.1.1.6,1/29/24,1.00E+12,H06,A00728:1032:HNTG7DMXY,41117373,41082775,40829710,38730993,0.994,0.9935,3659270,89,Full ROI-aoi-001
DSP-1001660022652-Z-H07,DSP-1001660022652-Z-H07,122823_Human glioma_IPA,122823_Human glioma_IPA,"(v1.0) Human Procode NGS Core Protein, (v1.0) Human Procode NGS IPA Protein, (v1.0) Human NGS Whole Transcriptome Atlas RNA, (v1.2) BiS_pilot_1_RnD",Full ROI,70599.79,444,0.2,3.1.1.6,1/29/24,1.00E+12,H07,A00728:1032:HNTG7DMXY,36151951,36126665,35905231,34136181,0.994,0.9938,3090246,90,Full ROI-aoi-001
DSP-1001660022652-Z-H08,DSP-1001660022652-Z-H08,122823_Human glioma_IPA,122823_Human glioma_IPA,"(v1.0) Human Procode NGS Core Protein, (v1.0) Human Procode NGS IPA Protein, (v1.0) Human NGS Whole Transcriptome Atlas RNA, (v1.2) BiS_pilot_1_RnD",Full ROI,70599.79,111,0.2,3.1.1.6,1/29/24,1.00E+12,H08,A00728:1032:HNTG7DMXY,13333221,13322600,13245237,12528345,0.9943,0.9944,1347556,91,Full ROI-aoi-001
DSP-1001660022652-Z-H09,DSP-1001660022652-Z-H09,122823_Human glioma_IPA,122823_Human glioma_IPA,"(v1.0) Human Procode NGS Core Protein, (v1.0) Human Procode NGS IPA Protein, (v1.0) Human NGS Whole Transcriptome Atlas RNA, (v1.2) BiS_pilot_1_RnD",Full ROI,70599.79,345,0.2,3.1.1.6,1/29/24,1.00E+12,H09,A00728:1032:HNTG7DMXY,32745974,32701464,32486833,30520726,0.994,0.9936,3741136,92,Full ROI-aoi-001
DSP-1001660022652-Z-H10,DSP-1001660022652-Z-H10,122823_Human glioma_IPA,122823_Human glioma_IPA,"(v1.0) Human Procode NGS Core Protein, (v1.0) Human Procode NGS IPA Protein, (v1.0) Human NGS Whole Transcriptome Atlas RNA, (v1.2) BiS_pilot_1_RnD",Full ROI,70599.79,321,0.2,3.1.1.6,1/29/24,1.00E+12,H10,A00728:1032:HNTG7DMXY,34884375,34842902,34605964,32718396,0.9939,0.9938,3868918,93,Full ROI-aoi-001
DSP-1001660022652-Z-H11,DSP-1001660022652-Z-H11,122823_Human glioma_IPA,122823_Human glioma_IPA,"(v1.0) Human Procode NGS Core Protein, (v1.0) Human Procode NGS IPA Protein, (v1.0) Human NGS Whole Transcriptome Atlas RNA, (v1.2) BiS_pilot_1_RnD",Full ROI,70599.79,531,0.2,3.1.1.6,1/29/24,1.00E+12,H11,A00728:1032:HNTG7DMXY,48864122,48800107,48475846,46042577,0.9938,0.9937,4894134,94,Full ROI-aoi-001
DSP-1001660022652-Z-H12,DSP-1001660022652-Z-H12,122823_Human glioma_IPA,122823_Human glioma_IPA,"(v1.0) Human Procode NGS Core Protein, (v1.0) Human Procode NGS IPA Protein, (v1.0) Human NGS Whole Transcriptome Atlas RNA, (v1.2) BiS_pilot_1_RnD",Full ROI,70599.79,484,0.2,3.1.1.6,1/29/24,1.00E+12,H12,A00728:1032:HNTG7DMXY,45729245,45693887,45407835,43147344,0.994,0.9937,4561012,95,Full ROI-aoi-001